"","CHR","SNP","A1","A2","MAF","NCHROBS"
"1",1,"rs880315","C","T",0.3447,907344
"2",1,"rs205484","C","T",0.06615,974728
"3",1,"rs6540950","T","C",0.1922,975038
"4",1,"rs172228","C","G",0.1632,974450
"5",1,"rs58064215","C","G",0.3052,974154
"6",1,"Affx-4028723","A","C",0.05611,975762
"7",1,"rs776910","A","G",0.1797,974568
"8",1,"rs11121624","A","G",0.1377,976224
"9",1,"rs1737617","G","A",0.2351,932382
"10",1,"rs761124","G","T",0.2173,975334
"11",1,"rs1801131","G","T",0.3105,974632
"12",1,"rs17367504","G","A",0.1608,975684
"13",1,"rs74053327","C","G",0.05609,975814
"14",1,"rs198375","C","T",0.4005,972938
"15",1,"rs34241762","T","C",0.1076,971854
"16",1,"rs4920607","G","A",0.3655,974140
"17",1,"rs2800702","T","C",0.3148,974166
"18",1,"rs2314757","T","C",0.4909,973546
"19",1,"rs6426833","G","A",0.4601,975030
"20",1,"rs6656120","T","C",0.1093,974836
"21",1,"rs12568930","C","T",0.1805,875700
"22",1,"rs12407301","G","T",0.06364,974790
"23",1,"rs11591147","T","G",0.01662,976542
"24",1,"rs17114046","G","A",0.09402,975736
"25",1,"rs7517847","G","T",0.4353,974164
"26",1,"rs11465802","C","A",0.3087,971268
"27",1,"rs2201841","G","A",0.3199,925394
"28",1,"rs11209026","A","G",0.06426,975666
"29",1,"rs6669582","G","A",0.3439,975068
"30",1,"rs924080","C","T",0.4618,973920
"31",1,"rs4147302","G","T",0.08353,975242
"32",1,"rs4970829","A","G",0.06811,974940
"33",1,"rs585362","C","T",0.1591,975094
"34",1,"rs6698843","T","C",0.452,971264
"35",1,"rs72703203","A","G",0.03965,975356
"36",1,"Affx-4052417","C","T",0.3354,974474
"37",1,"rs12740374","T","G",0.2218,975080
"38",1,"rs660240","T","C",0.2189,970418
"39",1,"rs629301","G","T",0.2249,975344
"40",1,"rs646776","C","T",0.2248,976204
"41",1,"rs11577931","G","A",0.08798,973264
"42",1,"rs655246","A","G",0.48,972836
"43",1,"rs12127701","G","A",0.06798,974366
"44",1,"rs55660224","T","C",0.08152,976094
"45",1,"rs12037987","C","T",0.07281,973476
"46",1,"rs11102516","A","G",0.03889,969566
"47",1,"rs72687906","G","A",0.02842,972376
"48",1,"rs1146187","A","G",0.2416,972768
"49",1,"rs6679677","A","C",0.0964,975430
"50",1,"rs2476601","A","G",0.09652,975468
"51",1,"rs1217400","T","C",0.3188,967250
"52",1,"rs3761936","C","T",0.1725,975452
"53",1,"rs72691846","C","T",0.03981,975038
"54",1,"rs17032011","A","G",0.07242,975996
"55",1,"rs12563513","A","G",0.08364,975970
"56",1,"rs12123821","T","C",0.04365,963586
"57",1,"rs6658392","C","T",0.3429,972382
"58",1,"rs10908444","A","G",0.4348,974340
"59",1,"rs4845401","G","C",0.4182,974358
"60",1,"rs11264296","C","T",0.4282,927580
"61",1,"rs74520550","A","C",0.1997,974778
"62",1,"rs4656461","G","A",0.1232,975996
"63",1,"rs1773542","C","T",0.4008,974572
"64",1,"rs72700121","G","A",0.1164,975194
"65",1,"rs56250774","G","A",0.1768,975606
"66",1,"rs525489","T","G",0.4329,973856
"67",1,"rs4656794","A","G",0.3727,975230
"68",1,"rs76964094","C","T",0.05619,974588
"69",1,"rs10797828","A","G",0.4062,974314
"70",1,"rs77197805","T","C",0.05169,975550
"71",1,"rs11240754","A","G",0.319,974304
"72",1,"rs11579993","A","G",0.4858,973022
"73",1,"rs17712208","A","T",0.03388,974788
"74",1,"rs2799098","G","A",0.1789,975774
"75",1,"rs2605100","A","G",0.3061,974598
"76",1,"rs2791553","A","G",0.4046,974448
"77",1,"rs2820441","C","A",0.3095,975490
"78",1,"rs4846567","T","G",0.291,975654
"79",1,"rs949839","G","A",0.4916,973658
"80",1,"rs2291832","G","A",0.2984,971210
"81",1,"rs17592479","A","T",0.4956,967270
"82",1,"rs241304","A","G",0.3999,975212
"83",1,"rs2748084","T","C",0.2839,972902
"84",1,"rs241339","T","C",0.4034,974962
"85",1,"rs801109","T","C",0.2611,973292
"86",1,"rs1341714","T","C",0.3344,974340
"87",1,"rs7520297","A","G",0.09638,962482
"88",1,"rs72760025","G","A",0.04665,974490
"89",1,"rs10910388","G","A",0.135,974890
"90",1,"rs10924249","T","G",0.1851,875104
"91",2,"rs11211645","G","A",0.4026,961654
"92",2,"rs11894986","C","T",0.1075,972752
"93",2,"rs6547409","T","C",0.05156,872540
"94",2,"rs10199768","T","G",0.438,975286
"95",2,"rs550619","G","A",0.08525,975360
"96",2,"rs1367117","A","G",0.3254,975152
"97",2,"rs72902579","C","T",0.04458,975170
"98",2,"rs515135","T","C",0.1859,976150
"99",2,"rs12477249","A","G",0.3397,974940
"100",2,"rs1820914","T","C",0.1782,974646
"101",2,"rs484399","C","A",0.2483,975060
"102",2,"rs10166144","G","A",0.1302,975388
"103",2,"rs1838209","A","G",0.4013,974752
"104",2,"rs2586886","C","T",0.3955,974150
"105",2,"rs1275922","A","G",0.2565,975142
"106",2,"rs1260326","T","C",0.3883,971808
"107",2,"rs1919128","G","A",0.253,975682
"108",2,"Affx-20082067","T","C",0.1251,974040
"109",2,"rs17031488","T","C",0.1624,975050
"110",2,"rs11556157","T","A",0.2487,971096
"111",2,"rs6720173","C","G",0.168,973204
"112",2,"rs10208987","G","T",0.08154,973292
"113",2,"rs4245786","G","A",0.2418,974528
"114",2,"Affx-20090007","C","G",0.06488,975650
"115",2,"rs4245791","C","T",0.3174,975164
"116",2,"rs4077440","T","C",0.4319,972498
"117",2,"rs4148218","A","G",0.1843,973670
"118",2,"rs4953030","G","A",0.2474,974038
"119",2,"rs6755214","G","A",0.3084,975390
"120",2,"rs72920755","A","G",0.06432,975328
"121",2,"rs10199082","C","T",0.1301,975172
"122",2,"rs6708796","C","T",0.4238,972422
"123",2,"rs11125608","G","T",0.3991,974816
"124",2,"rs3791679","G","A",0.2282,973160
"125",2,"rs1077778","T","C",0.4904,973012
"126",2,"rs2277887","C","T",0.07028,975546
"127",2,"rs2163714","A","C",0.3349,972410
"128",2,"rs74938797","C","T",0.3784,968260
"129",2,"rs1009358","C","T",0.3787,974690
"130",2,"rs6546128","G","A",0.2595,974706
"131",2,"rs76307505","A","G",0.05842,975364
"132",2,"rs2044693","A","G",0.346,975322
"133",2,"rs6546370","A","G",0.2943,866332
"134",2,"rs1078004","G","C",0.4684,975100
"135",2,"rs3731828","T","C",0.279,973332
"136",2,"rs34757365","G","A",0.1628,969738
"137",2,"rs10200410","A","G",0.4664,973382
"138",2,"rs72823646","A","G",0.1399,975022
"139",2,"rs1041973","A","C",0.2304,974792
"140",2,"rs1420101","T","C",0.3819,974552
"141",2,"rs2160203","G","A",0.2357,975838
"142",2,"rs4988956","A","G",0.3832,973484
"143",2,"Affx-52334280","T","TC",0.3833,975616
"144",2,"rs17027258","G","A",0.2944,974416
"145",2,"rs12712161","T","G",0.4039,971970
"146",2,"rs72836344","T","G",0.09831,938850
"147",2,"rs34406675","A","G",0.07061,975648
"148",2,"rs6704689","G","A",0.1784,974114
"149",2,"rs13412930","G","A",0.4163,874828
"150",2,"rs13409480","G","A",0.4947,973584
"151",2,"rs12691689","T","C",0.289,974328
"152",2,"rs2075302","C","T",0.4407,973844
"153",2,"rs2111485","A","G",0.407,974580
"154",2,"rs35667974","C","T",0.02012,971628
"155",2,"rs3747517","T","C",0.2854,975202
"156",2,"rs1128249","T","G",0.394,975004
"157",2,"rs75297654","T","C",0.1197,974552
"158",2,"rs138348628","AT","A",0.05877,971424
"159",2,"rs744426","A","G",0.1389,974992
"160",2,"rs12693164","C","T",0.1567,975174
"161",2,"rs840616","T","C",0.3451,975130
"162",2,"rs3821236","A","G",0.199,975368
"163",2,"rs7574865","T","G",0.2236,973848
"164",2,"rs6752770","G","A",0.3051,974328
"165",2,"rs10931897","C","T",0.4273,974158
"166",2,"rs10931936","T","C",0.2664,974290
"167",2,"rs11681399","G","A",0.4482,876242
"168",2,"rs79224392","A","G",0.05472,975938
"169",2,"rs13014235","C","G",0.3867,971430
"170",2,"rs2244438","A","G",0.2933,973036
"171",2,"rs72932557","T","A",0.123,972134
"172",2,"rs72938315","G","C",0.1398,975682
"173",2,"rs58716662","T","G",0.251,875670
"174",2,"rs231779","T","C",0.381,975022
"175",2,"rs3087243","A","G",0.448,974040
"176",2,"rs11571300","G","A",0.1458,966898
"177",2,"rs77130284","T","C",0.1135,972268
"178",2,"rs13387042","G","A",0.4947,975324
"179",2,"rs2553026","G","A",0.278,974322
"180",2,"rs2943645","C","T",0.3505,972656
"181",2,"rs2713547","A","C",0.4862,974556
"182",2,"rs10194882","G","A",0.441,968410
"183",2,"rs35532480","G","A",0.4539,973358
"184",2,"rs1106639","A","G",0.2551,976002
"185",2,"rs62192024","C","T",0.2936,857326
"186",2,"rs71430382","T","C",0.3735,973908
"187",2,"rs111543205","A","G",0.1429,974028
"188",2,"rs10933569","A","G",0.4871,925038
"189",3,"rs7625680","G","A",0.374,969944
"190",3,"rs61267703","T","C",0.1043,974068
"191",3,"rs35347265","C","T",0.09008,971382
"192",3,"rs683503","T","C",0.2702,974606
"193",3,"rs3920005","C","T",0.4645,972754
"194",3,"rs1124873","A","G",0.3625,974834
"195",3,"rs6797389","T","G",0.2605,972910
"196",3,"rs2724541","C","T",0.3251,974292
"197",3,"rs35470271","G","A",0.1459,974658
"198",3,"rs9837197","G","A",0.1272,974078
"199",3,"rs62258054","A","G",0.1039,975720
"200",3,"rs34552401","G","A",0.2939,974374
"201",3,"rs62247171","T","C",0.3128,913938
"202",3,"rs73093445","A","C",0.421,974352
"203",3,"rs2322031","T","C",0.374,974222
"204",3,"rs4894988","G","A",0.3675,875438
"205",3,"rs1838554","A","G",0.2391,972132
"206",3,"rs11708067","G","A",0.2382,975044
"207",3,"rs113443135","T","C",0.0331,975606
"208",3,"rs7429365","C","A",0.228,960714
"209",3,"rs7641386","G","A",0.1124,971888
"210",3,"rs9843304","C","T",0.4582,873500
"211",3,"rs62271362","G","A",0.01988,902524
"212",3,"Affx-21413686","CA","C",0.1607,872830
"213",3,"rs9838604","A","G",0.3818,973176
"214",3,"rs6799330","G","T",0.2037,974614
"215",3,"rs7651090","G","A",0.3219,974458
"216",3,"rs4686481","A","G",0.2374,974758
"217",3,"rs11706429","A","G",0.4417,974036
"218",3,"rs13098877","T","C",0.4401,948896
"219",4,"rs6831006","C","G",0.4923,973292
"220",4,"rs10010131","A","G",0.3967,975662
"221",4,"rs1801212","G","A",0.2698,975022
"222",4,"rs56817615","G","A",0.4675,972120
"223",4,"rs35516283","T","C",0.401,974022
"224",4,"rs4833095","C","T",0.2272,975366
"225",4,"rs7691507","C","T",0.1946,974412
"226",4,"rs17004846","G","A",0.3652,973388
"227",4,"rs16998073","T","A",0.288,974680
"228",4,"rs7681907","A","G",0.4255,974646
"229",4,"rs13107325","T","C",0.07169,974968
"230",4,"rs7679673","A","C",0.3879,973832
"231",4,"rs7685862","C","A",0.2181,967518
"232",4,"rs17623034","G","A",0.1323,975504
"233",4,"rs17552555","C","T",0.03179,971786
"234",4,"rs114057251","A","G",0.02855,909856
"235",4,"rs1470618","T","C",0.1899,971962
"236",4,"rs62338990","A","C",0.01603,975952
"237",4,"rs2197815","A","C",0.05296,974310
"238",4,"rs35323363","A","G",0.3164,972788
"239",4,"rs2723298","T","C",0.2859,974350
"240",4,"rs56107651","C","G",0.04737,975652
"241",4,"rs1448817","G","A",0.258,975300
"242",4,"rs62337211","A","C",0.04892,971612
"243",4,"rs2200733","T","C",0.1106,975374
"244",4,"rs113792076","G","C",0.01009,975400
"245",4,"rs6843082","G","A",0.2046,973568
"246",4,"rs10033464","T","G",0.0961,973782
"247",4,"rs13125644","A","G",0.09179,973902
"248",4,"rs13141190","A","G",0.3706,974162
"249",4,"rs4124163","G","A",0.05411,964644
"250",4,"rs3853445","C","T",0.2615,949244
"251",4,"rs13124249","A","C",0.3768,973362
"252",4,"rs28507257","A","C",0.1865,973612
"253",4,"rs28489015","C","T",0.1737,972240
"254",4,"rs4033102","G","A",0.05818,975126
"255",4,"rs521511","T","C",0.2064,974038
"256",4,"rs11947581","G","A",0.195,974790
"257",4,"rs512060","G","A",0.1508,975168
"258",4,"rs17513625","A","G",0.02287,973610
"259",4,"rs55947985","T","C",0.1762,975536
"260",4,"rs4505848","G","A",0.3247,975674
"261",4,"rs62323957","T","G",0.07073,959108
"262",4,"rs6852535","A","G",0.2956,974820
"263",4,"rs28619895","A","G",0.1597,974322
"264",4,"rs9683944","G","A",0.2168,972482
"265",4,"rs1489759","G","A",0.3991,969946
"266",4,"rs1878406","T","C",0.1433,975388
"267",4,"rs7655751","T","C",0.2121,973964
"268",4,"rs28405622","T","C",0.2983,972274
"269",4,"rs59435073","A","G",0.287,973602
"270",4,"rs6817154","C","T",0.3112,974218
"271",4,"rs3796587","G","C",0.1828,974320
"272",4,"rs13118573","G","A",0.355,974570
"273",4,"rs6841699","C","T",0.3798,973520
"274",4,"rs115358836","G","A",0.007322,975056
"275",5,"rs2736100","A","C",0.4969,972882
"276",5,"rs2853677","G","A",0.4238,974658
"277",5,"rs2736108","T","C",0.3051,974676
"278",5,"rs4635969","A","G",0.1975,966076
"279",5,"rs401681","T","C",0.4367,974972
"280",5,"rs37004","T","C",0.2274,975332
"281",5,"rs12653946","T","C",0.4211,975506
"282",5,"rs40646","C","T",0.07141,973440
"283",5,"rs1173771","A","G",0.3946,974658
"284",5,"rs10472291","A","C",0.3425,973986
"285",5,"rs714130","C","T",0.4001,974404
"286",5,"rs16886113","G","T",0.07757,975530
"287",5,"rs16886165","G","T",0.1702,975874
"288",5,"rs4700485","A","G",0.2815,873774
"289",5,"rs10036895","G","A",0.3503,973822
"290",5,"rs12188412","A","G",0.1698,975126
"291",5,"rs415051","G","T",0.3317,974920
"292",5,"rs266571","A","G",0.4871,972632
"293",5,"rs17671591","T","C",0.347,975194
"294",5,"rs12916","C","T",0.401,975584
"295",5,"rs11748027","T","C",0.3914,960958
"296",5,"rs116454070","T","C",0.04732,975804
"297",5,"rs35658696","G","A",0.05082,964982
"298",5,"rs74944275","T","C",0.04317,975626
"299",5,"rs246105","T","C",0.2352,975694
"300",5,"rs11749901","T","C",0.3559,875232
"301",5,"rs1837253","T","C",0.2657,975184
"302",5,"rs3806933","T","C",0.4298,974896
"303",5,"rs1898671","T","C",0.3393,974434
"304",5,"rs2289278","G","C",0.06463,974788
"305",5,"rs11241095","G","A",0.3024,971144
"306",5,"rs146572883","A","G",7.069e-05,976084
"307",5,"rs10055823","T","C",0.4796,974168
"308",5,"rs72786964","C","T",0.2707,972918
"309",5,"rs34145453","G","A",0.3737,972232
"310",5,"rs806100","T","C",0.4652,973912
"311",5,"rs36694","C","A",0.2575,974294
"312",5,"rs2409539","G","A",0.4187,874022
"313",5,"rs80222069","A","C",0.1099,959382
"314",5,"rs13185878","G","A",0.2821,974746
"315",5,"rs17615906","C","T",0.1663,974342
"316",5,"rs272889","A","G",0.3728,974276
"317",5,"rs17622208","A","G",0.4603,975278
"318",5,"rs3857440","A","G",0.2634,875766
"319",5,"rs17622656","A","G",0.3713,974550
"320",5,"rs2244012","G","A",0.2029,975008
"321",5,"rs1295686","T","C",0.1984,974670
"322",5,"rs2967793","C","G",0.1834,974524
"323",5,"rs2040862","T","C",0.1731,975194
"324",5,"rs35931944","A","G",0.3385,974124
"325",5,"rs6864847","G","A",0.4327,973920
"326",5,"rs7730050","C","T",0.3757,973898
"327",5,"rs9313772","T","C",0.348,970784
"328",5,"rs2914223","T","C",0.3266,875392
"329",5,"rs11954193","A","G",0.3934,973706
"330",5,"rs2072495","T","C",0.393,974160
"331",6,"rs7773997","T","C",0.3658,973918
"332",6,"rs12203592","T","C",0.2098,959496
"333",6,"rs3778607","A","G",0.4628,974554
"334",6,"rs872071","A","G",0.4843,975132
"335",6,"rs9378805","C","A",0.494,973616
"336",6,"rs12528146","T","C",0.4887,959822
"337",6,"rs9392026","G","A",0.4065,957474
"338",6,"Affx-28621720","C","T",0.4745,874880
"339",6,"rs12210050","T","C",0.1932,975070
"340",6,"rs1294421","T","G",0.3953,974252
"341",6,"rs1412740","G","A",0.4393,971202
"342",6,"rs12215208","T","C",0.4481,974996
"343",6,"rs9381462","A","G",0.4921,974918
"344",6,"rs1332844","C","T",0.3608,975688
"345",6,"rs9349379","G","A",0.4021,975676
"346",6,"rs59430691","A","G",0.1421,974946
"347",6,"rs9368222","A","C",0.261,974790
"348",6,"rs2206734","T","C",0.1802,975826
"349",6,"rs7741604","C","A",0.135,972110
"350",6,"rs1799945","G","C",0.1457,975802
"351",6,"rs9393691","C","T",0.3695,975308
"352",6,"rs994379","C","G",0.469,974862
"353",6,"rs6903015","G","A",0.1284,975512
"354",6,"rs36085954","A","G",0.14,974854
"355",6,"rs41266839","C","G",0.1024,975284
"356",6,"rs2237236","G","A",0.4316,974788
"357",6,"rs13198716","T","C",0.1033,972620
"358",6,"rs13195040","G","A",0.1083,975906
"359",6,"rs7749305","C","T",0.121,975834
"360",6,"rs6904596","A","G",0.1229,975276
"361",6,"rs370155","G","T",0.1359,976102
"362",6,"rs13199772","G","A",0.11,975692
"363",6,"rs200956","C","T",0.1824,974822
"364",6,"rs61742093","G","A",0.1089,974482
"365",6,"rs1654774","G","A",0.4486,975086
"366",6,"rs1233708","A","G",0.2976,975602
"367",6,"rs9380069","G","A",0.15,975836
"368",6,"rs1150711","C","T",0.3443,975350
"369",6,"rs853676","T","C",0.1654,975306
"370",6,"rs2232423","G","A",0.109,975102
"371",6,"rs13194504","A","G",0.1097,973722
"372",6,"rs6908726","G","C",0.1204,972448
"373",6,"rs6456834","T","G",0.1829,974574
"374",6,"rs3131073","A","G",0.1113,964126
"375",6,"rs3130837","T","G",0.112,974756
"376",6,"rs3130834","C","T",0.1124,973766
"377",6,"rs3131020","T","C",0.4532,975060
"378",6,"rs1233480","T","C",0.1293,976120
"379",6,"rs1233478","T","G",0.2014,974782
"380",6,"rs362536","C","T",0.4964,963950
"381",6,"rs1235162","G","A",0.1225,969154
"382",6,"rs1233396","A","G",0.1339,975182
"383",6,"rs9391630","G","A",0.2169,976022
"384",6,"rs2523769","C","A",0.2798,975244
"385",6,"rs1611613","T","C",0.1877,870164
"386",6,"rs45585732","A","G",0.0354,950502
"387",6,"rs6457104","G","T",0.007356,976188
"388",6,"rs1061535","T","C",0.1798,975830
"389",6,"rs7763159","A","G",0.123,975538
"390",6,"rs2240070","T","C",0.319,974568
"391",6,"rs2844795","C","T",0.4714,975308
"392",6,"Affx-28423542","A","G",0.4023,974654
"393",6,"rs2523990","A","G",0.4738,970718
"394",6,"rs2517592","T","C",0.2507,973360
"395",6,"rs2523995","T","C",0.11,976260
"396",6,"rs1541269","A","G",0.1437,975828
"397",6,"rs28780087","A","G",0.06852,976118
"398",6,"rs2284169","C","A",0.155,975140
"399",6,"rs3129702","A","C",0.1704,975298
"400",6,"rs3129831","T","A",0.1685,961874
"401",6,"rs1012411","G","T",0.3323,975446
"402",6,"rs2844746","T","C",0.3648,975282
"403",6,"rs3130126","A","C",0.1388,975384
"404",6,"rs3094050","G","A",0.1391,976048
"405",6,"rs3094038","C","T",0.4657,973384
"406",6,"rs3094035","T","G",0.139,975722
"407",6,"rs28780100","T","C",0.03672,976062
"408",6,"rs3094694","C","T",0.1989,975450
"409",6,"rs28986317","C","G",0.06452,972848
"410",6,"rs2535319","C","T",0.4039,975326
"411",6,"rs12526186","T","C",0.1549,975204
"412",6,"rs3094114","G","A",0.2852,974932
"413",6,"rs6911628","T","C",0.2847,975396
"414",6,"rs10947091","T","C",0.2781,971876
"415",6,"rs4711229","T","G",0.2836,975482
"416",6,"rs3131063","A","G",0.4493,973966
"417",6,"rs3131064","C","T",0.1953,975092
"418",6,"rs1264372","T","C",0.2554,975622
"419",6,"rs9380197","A","G",0.2832,975336
"420",6,"rs9391696","G","A",0.1696,975774
"421",6,"rs1264352","C","G",0.1867,975506
"422",6,"rs3130791","T","C",0.4163,974866
"423",6,"rs3130796","C","T",0.4154,971762
"424",6,"rs1264322","A","G",0.144,976116
"425",6,"rs3218816","A","G",0.0326,975998
"426",6,"rs3132571","G","A",0.3783,974994
"427",6,"rs3132580","A","G",0.1561,975630
"428",6,"rs2844697","T","C",0.3752,973886
"429",6,"rs3095150","C","T",0.3723,974660
"430",6,"rs3095089","T","G",0.1976,830364
"431",6,"rs3131933","T","C",0.4877,975382
"432",6,"rs3131932","A","G",0.4485,973772
"433",6,"rs2530710","T","C",0.1839,975168
"434",6,"rs2517425","G","T",0.2858,975462
"435",6,"rs2508016","G","C",0.155,975698
"436",6,"rs1634718","G","A",0.266,973258
"437",6,"rs1632854","A","T",0.4305,975686
"438",6,"rs9262492","G","A",0.3556,975736
"439",6,"rs2523898","A","G",0.4698,974876
"440",6,"rs6933349","A","G",0.2057,974830
"441",6,"rs4248154","T","C",0.1705,976294
"442",6,"rs2517544","G","C",0.3151,974732
"443",6,"rs2508015","A","G",0.401,975696
"444",6,"rs2517527","A","G",0.38,966280
"445",6,"rs2394423","A","G",0.224,975308
"446",6,"rs2517500","T","C",0.367,974818
"447",6,"rs2535298","G","A",0.1858,975858
"448",6,"rs2517403","C","T",0.3351,975030
"449",6,"rs2844635","G","A",0.3364,975370
"450",6,"rs28732096","A","G",0.05247,971228
"451",6,"rs1265054","T","C",0.4812,974748
"452",6,"rs2233976","T","C",0.07285,975500
"453",6,"rs2233974","G","C",0.1934,975348
"454",6,"rs2270190","G","A",0.1227,975194
"455",6,"rs2233956","C","T",0.2099,970622
"456",6,"rs2233955","A","G",0.1943,975218
"457",6,"rs3130977","C","T",0.3545,969650
"458",6,"rs3130552","A","G",0.3527,975518
"459",6,"rs3094215","A","G",0.4749,973770
"460",6,"rs3130999","G","A",0.3522,974520
"461",6,"rs6931921","C","G",0.09743,975994
"462",6,"rs1265103","T","C",0.04777,975980
"463",6,"rs3823419","A","G",0.1603,975650
"464",6,"rs1265100","G","A",0.1537,958048
"465",6,"Affx-28442175","G","A",0.408,974326
"466",6,"rs144826968","A","AG",0.112,975526
"467",6,"Affx-89026413","CC","C",0.0909,968798
"468",6,"rs2285803","T","C",0.2798,965620
"469",6,"rs1265086","G","T",0.4801,975748
"470",6,"rs1265074","A","C",0.1986,975306
"471",6,"rs3131012","T","C",0.4547,972322
"472",6,"rs9263758","A","G",0.2815,974744
"473",6,"rs130071","A","G",0.2919,974474
"474",6,"rs130068","A","G",0.4347,944962
"475",6,"rs130066","C","G",0.4513,975584
"476",6,"rs9263785","G","T",0.1641,975514
"477",6,"rs2106074","G","A",0.3202,972700
"478",6,"rs3130931","T","C",0.3064,974266
"479",6,"rs879882","T","C",0.3562,974854
"480",6,"rs116763857","G","T",0.008563,975260
"481",6,"rs3094188","C","A",0.3432,974994
"482",6,"rs887466","A","G",0.3649,974186
"483",6,"rs3131018","A","C",0.3664,974294
"484",6,"rs887464","T","C",0.445,973974
"485",6,"rs9380220","T","G",0.1936,974332
"486",6,"rs9263873","C","T",0.3855,975350
"487",6,"rs9263875","G","A",0.3845,975434
"488",6,"rs3132510","C","T",0.1292,974990
"489",6,"rs2894180","A","G",0.0942,975144
"490",6,"rs28360994","G","A",0.1269,973584
"491",6,"rs9263969","T","C",0.221,975798
"492",6,"rs3130521","T","C",0.3829,974088
"493",6,"rs3130534","G","A",0.403,968072
"494",6,"rs3130695","A","G",0.217,975888
"495",6,"rs3095245","C","T",0.4436,975470
"496",6,"rs3095254","C","G",0.3488,973666
"497",6,"Affx-28446136","C","T",0.2596,974946
"498",6,"rs9366775","A","G",0.03419,975404
"499",6,"rs2074488","T","G",0.1331,976082
"500",6,"rs7759127","G","T",0.1473,970484
"501",6,"rs6923313","C","T",0.3466,971812
"502",6,"rs2524084","G","A",0.3495,975894
"503",6,"rs2524082","A","T",0.4435,967772
"504",6,"rs12111032","G","A",0.2459,966182
"505",6,"rs3134745","T","C",0.3175,974808
"506",6,"rs2524074","G","A",0.3267,974976
"507",6,"rs9264733","C","G",0.2512,970944
"508",6,"rs7381988","G","A",0.1723,966904
"509",6,"rs7382297","T","G",0.1548,974472
"510",6,"rs6457372","A","G",0.44,924692
"511",6,"rs115464798","A","G",0.054,974686
"512",6,"rs3094682","A","C",0.178,975534
"513",6,"rs9380238","G","A",0.1308,975984
"514",6,"rs9366778","A","G",0.3713,975410
"515",6,"rs3873386","C","T",0.3654,975428
"516",6,"rs9265549","A","G",0.3612,962948
"517",6,"rs28752923","G","A",0.4809,972026
"518",6,"rs2507997","G","A",0.2969,966410
"519",6,"rs2156875","C","T",0.461,975176
"520",6,"rs9295984","A","G",0.0728,976204
"521",6,"rs2442728","T","G",0.3992,975048
"522",6,"rs2596502","G","A",0.308,972136
"523",6,"rs2596501","T","C",0.4792,974992
"524",6,"rs116442786","A","G",0.07117,967232
"525",6,"rs2523608","G","A",0.3987,975434
"526",6,"rs2523587","T","C",0.3504,963480
"527",6,"rs1811197","A","G",0.1987,972368
"528",6,"rs2844580","C","T",0.4121,967766
"529",6,"rs9266380","A","G",0.1092,975628
"530",6,"rs2844575","C","T",0.463,974898
"531",6,"rs2523534","A","G",0.3943,969964
"532",6,"rs9266409","C","T",0.1874,975952
"533",6,"rs2844569","T","C",0.3269,974876
"534",6,"rs2253907","C","T",0.4859,974438
"535",6,"rs2844559","T","C",0.1412,974384
"536",6,"rs2394990","C","A",0.3635,806044
"537",6,"rs2507985","A","C",0.3726,975524
"538",6,"rs116488202","T","C",0.0408,975252
"539",6,"rs2442744","T","C",0.3506,975626
"540",6,"rs2442736","C","G",0.2281,973286
"541",6,"rs9266630","A","C",0.2431,876286
"542",6,"rs9266658","A","G",0.1666,976250
"543",6,"rs9266689","A","G",0.3669,974962
"544",6,"rs9266718","C","T",0.3113,875780
"545",6,"rs2844532","C","G",0.1895,975872
"546",6,"rs2442752","C","T",0.4243,975454
"547",6,"rs2507976","A","C",0.3627,974872
"548",6,"rs7741091","G","A",0.2786,975448
"549",6,"rs9266774","T","C",0.1005,975788
"550",6,"rs6932730","C","T",0.1674,973406
"551",6,"rs2251396","A","G",0.3242,975752
"552",6,"rs2523454","A","G",0.3314,976132
"553",6,"rs3763288","A","G",0.06168,975888
"554",6,"rs6910087","T","C",0.1028,976100
"555",6,"rs1051794","A","G",0.2633,973686
"556",6,"rs2256175","T","C",0.4221,975448
"557",6,"rs1882","G","A",0.4779,959624
"558",6,"rs2848716","C","G",0.09909,973432
"559",6,"rs4418214","C","T",0.0778,956652
"560",6,"rs2263323","T","C",0.06148,975142
"561",6,"rs2516470","G","C",0.3384,974606
"562",6,"rs3094738","G","A",0.08276,974054
"563",6,"rs2524276","A","C",0.072,976310
"564",6,"rs2844510","T","G",0.1164,975586
"565",6,"rs3869129","T","C",0.1728,974996
"566",6,"rs2395004","C","G",0.4888,973012
"567",6,"Affx-28456540","T","C",0.4731,972686
"568",6,"rs3099836","C","A",0.3344,974690
"569",6,"rs3131622","G","T",0.442,972838
"570",6,"rs2263316","A","G",0.3771,973576
"571",6,"rs3131621","G","A",0.3572,975796
"572",6,"rs2596472","G","A",0.2538,975672
"573",6,"rs3094228","C","T",0.1996,975478
"574",6,"rs2395029","G","T",0.03933,975016
"575",6,"rs2284178","T","C",0.4727,974074
"576",6,"rs3094013","A","G",0.1362,975194
"577",6,"rs2859448","C","T",0.2498,974938
"578",6,"rs71535403","GC","AT",0.4698,875544
"579",6,"rs9404989","T","G",0.0198,976162
"580",6,"rs2844505","C","T",0.2626,975266
"581",6,"rs3828886","G","T",0.2318,974198
"582",6,"rs2844503","A","T",0.4316,973650
"583",6,"rs2248373","T","C",0.3468,975770
"584",6,"rs2516513","T","C",0.2148,974304
"585",6,"rs3749946","A","C",0.06339,975658
"586",6,"rs3130922","A","G",0.3334,974862
"587",6,"rs2534657","T","C",0.1512,975640
"588",6,"rs2855812","T","G",0.2549,976266
"589",6,"rs3130615","G","A",0.2631,975474
"590",6,"rs3131635","A","G",0.2628,965534
"591",6,"rs1065076","A","G",0.2637,975392
"592",6,"rs2246618","T","C",0.3078,957552
"593",6,"Affx-28458373","C","T",0.3444,974528
"594",6,"rs9267444","A","G",0.3717,974342
"595",6,"rs3131631","G","C",0.24,971932
"596",6,"rs2516491","C","A",0.2711,971662
"597",6,"rs3093998","C","A",0.3422,973452
"598",6,"rs2734574","A","T",0.3968,970874
"599",6,"rs2075580","G","C",0.2532,975184
"600",6,"rs114751021","G","A",0.02659,976088
"601",6,"rs933208","G","T",0.2527,975674
"602",6,"rs2844509","G","A",0.2326,940794
"603",6,"rs2071594","C","G",0.362,972048
"604",6,"rs2239705","A","G",0.1606,974960
"605",6,"rs9267488","G","A",0.1349,975348
"606",6,"rs2523500","G","A",0.3468,975278
"607",6,"rs3130062","C","T",0.08346,939880
"608",6,"rs7762619","G","T",0.01404,975924
"609",6,"rs2857709","A","G",0.1455,976090
"610",6,"rs2239704","A","C",0.384,974582
"611",6,"rs1800629","A","G",0.1891,975462
"612",6,"rs2857596","G","T",0.2585,936478
"613",6,"rs2857595","A","G",0.2156,975042
"614",6,"rs9378200","C","T",0.06689,975676
"615",6,"rs3115665","G","C",0.1936,975484
"616",6,"rs41308311","A","G",0.01832,976358
"617",6,"rs2736157","G","A",0.1933,971902
"618",6,"rs1046089","A","G",0.3581,976052
"619",6,"rs115247800","G","A",0.01993,975896
"620",6,"rs1077394","C","T",0.3299,967664
"621",6,"rs805301","C","A",0.3765,974928
"622",6,"rs115470510","A","G",0.01899,975610
"623",6,"rs805262","T","C",0.4692,973950
"624",6,"rs707974","G","A",0.1039,975058
"625",6,"rs3115667","T","C",0.2758,975606
"626",6,"rs805284","A","G",0.05748,974790
"627",6,"rs3131382","T","C",0.07963,975718
"628",6,"rs28745894","C","G",0.03204,975476
"629",6,"rs3130484","C","T",0.1266,975206
"630",6,"rs6905572","T","C",0.113,974830
"631",6,"rs3130490","T","G",0.1262,974680
"632",6,"rs707929","G","A",0.3439,974568
"633",6,"rs2736426","C","T",0.4601,974854
"634",6,"rs1043618","C","G",0.3875,972976
"635",6,"rs506770","G","C",0.2306,967258
"636",6,"rs9368699","C","T",0.04349,973692
"637",6,"rs9267576","T","G",0.1395,976056
"638",6,"rs9267656","T","C",0.03805,976020
"639",6,"rs9267659","A","G",0.2107,974504
"640",6,"rs116369005","C","G",0.02348,927730
"641",6,"rs652888","G","A",0.233,974404
"642",6,"rs2844458","A","C",0.3032,975210
"643",6,"rs115062572","T","C",0.02522,975112
"644",6,"rs2844456","C","T",0.05691,975936
"645",6,"rs558702","A","G",0.1256,975882
"646",6,"rs644045","A","G",0.3731,974680
"647",6,"rs115277907","T","G",0.01964,975542
"648",6,"rs1048709","A","G",0.1912,976150
"649",6,"rs541862","C","T",0.1002,973964
"650",6,"rs114969413","A","G",0.0371,975146
"651",6,"rs429608","A","G",0.159,974694
"652",6,"rs114879139","C","G",0.01442,975994
"653",6,"rs9267786","T","G",0.01441,976092
"654",6,"rs199619373","A","AC",0.02987,918860
"655",6,"rs115521560","C","A",0.03523,975858
"656",6,"Affx-28466923","C","T",0.301,956632
"657",6,"rs1150758","C","G",0.1649,973892
"658",6,"rs3130286","T","C",0.2269,973796
"659",6,"rs17421624","C","T",0.2821,975712
"660",6,"rs17207986","C","T",0.05677,975974
"661",6,"rs28732175","T","C",0.04022,975590
"662",6,"rs76024631","C","T",0.05654,975036
"663",6,"rs204999","G","A",0.3062,973558
"664",6,"rs3130279","A","G",0.1454,975520
"665",6,"rs3134950","C","A",0.3766,936296
"666",6,"rs2071289","A","C",0.05591,931256
"667",6,"rs1061808","T","G",0.3677,967296
"668",6,"rs1062070","G","A",0.1936,973686
"669",6,"rs2070600","T","C",0.06275,975146
"670",6,"rs204989","A","G",0.2192,975402
"671",6,"rs3131290","A","G",0.3785,970922
"672",6,"rs3134798","G","A",0.271,975394
"673",6,"rs429853","C","T",0.454,975158
"674",6,"rs1109771","A","G",0.4477,974494
"675",6,"rs715299","G","T",0.3387,974844
"676",6,"rs915894","G","T",0.3947,975330
"677",6,"rs443198","G","A",0.4089,974896
"678",6,"rs434841","A","G",0.302,972722
"679",6,"rs3830041","T","C",0.08272,975446
"680",6,"rs499691","T","C",0.1939,976174
"681",6,"rs377763","A","C",0.2161,975344
"682",6,"rs3130299","G","A",0.2361,975924
"683",6,"rs416352","T","G",0.3208,974400
"684",6,"rs4947337","C","T",0.03532,976538
"685",6,"rs424232","T","C",0.2834,973132
"686",6,"rs411326","T","C",0.2728,974742
"687",6,"rs9267955","A","G",0.1432,974282
"688",6,"rs454748","A","G",0.4342,973364
"689",6,"rs9268145","G","T",0.2192,974566
"690",6,"rs926070","G","A",0.3331,975214
"691",6,"rs9268148","G","A",0.1736,903100
"692",6,"rs114355928","T","G",0.02733,975628
"693",6,"rs6906662","A","G",0.06263,976300
"694",6,"rs9268199","G","A",0.1746,974904
"695",6,"rs9268219","G","T",0.1178,961108
"696",6,"rs570963","G","A",0.1031,975666
"697",6,"rs9368714","A","G",0.3302,874442
"698",6,"rs9380290","G","C",0.3782,974586
"699",6,"rs1265754","A","T",0.1235,974888
"700",6,"rs28361060","A","G",0.2193,975472
"701",6,"rs9368716","A","G",0.455,972796
"702",6,"rs3117138","C","A",0.2439,975266
"703",6,"rs3132954","A","G",0.4131,974932
"704",6,"Affx-28471757","A","G",0.04468,975906
"705",6,"rs1265762","C","A",0.4357,973864
"706",6,"rs2395149","A","G",0.1232,975894
"707",6,"rs3129923","A","G",0.4358,974350
"708",6,"rs9268365","T","G",0.1916,974526
"709",6,"rs3129942","T","G",0.2572,973496
"710",6,"rs2050189","C","T",0.2289,975700
"711",6,"rs2050188","C","T",0.3224,975230
"712",6,"rs3129945","A","G",0.2199,975154
"713",6,"rs12528797","G","A",0.115,975426
"714",6,"rs2395153","G","C",0.4112,976032
"715",6,"rs28362673","A","G",0.01911,975816
"716",6,"rs17577980","A","G",0.07036,969674
"717",6,"rs3817969","T","C",0.1466,975330
"718",6,"rs28362678","A","G",0.1471,975696
"719",6,"rs2294882","C","T",0.1731,974528
"720",6,"rs3763305","A","G",0.05023,975994
"721",6,"rs3793127","T","C",0.2187,975920
"722",6,"rs3806155","T","A",0.03272,969258
"723",6,"rs3806157","G","T",0.3594,973740
"724",6,"rs3763312","A","G",0.2176,973848
"725",6,"rs9268522","T","A",0.2212,867652
"726",6,"rs4959027","A","G",0.2272,974216
"727",6,"rs9268528","G","A",0.3604,974178
"728",6,"rs28732208","T","C",0.16,976206
"729",6,"rs2395166","C","T",0.3959,974336
"730",6,"rs9268557","C","T",0.4745,972368
"731",6,"rs9268560","C","G",0.4845,974518
"732",6,"rs28895026","C","T",0.1877,875792
"733",6,"rs3135344","C","T",0.3102,966170
"734",6,"rs9268577","T","C",0.02122,976274
"735",6,"rs3129853","A","G",0.295,972700
"736",6,"rs4321864","A","C",0.3156,875140
"737",6,"rs9501624","G","A",0.07156,975996
"738",6,"rs7773756","C","T",0.3657,975310
"739",6,"rs3129871","A","C",0.3607,972858
"740",6,"rs9268633","A","G",0.1993,975924
"741",6,"rs9405035","A","G",0.01857,976418
"742",6,"rs3129877","A","G",0.2964,974906
"743",6,"rs3135392","A","C",0.3885,975232
"744",6,"rs6926374","G","A",0.4538,974308
"745",6,"rs3129882","G","A",0.3957,973786
"746",6,"rs3129886","T","C",0.2504,975062
"747",6,"rs8084","A","C",0.4323,975076
"748",6,"rs2239803","T","C",0.4603,975522
"749",6,"rs1041885","A","T",0.1847,927232
"750",6,"rs2395182","G","T",0.21,975414
"751",6,"rs28732226","C","T",0.1205,975388
"752",6,"rs9268831","T","C",0.4815,975082
"753",6,"rs9268833","T","C",0.3138,974804
"754",6,"rs9268835","A","G",0.3138,974474
"755",6,"rs6903608","C","T",0.2832,971928
"756",6,"Affx-28475675","A","G",0.397,974556
"757",6,"rs9268861","A","C",0.2096,975732
"758",6,"rs9268877","A","G",0.3956,966070
"759",6,"rs41291798","A","C",0.08274,975020
"760",6,"rs9268926","G","A",0.2145,864020
"761",6,"rs9269081","A","C",0.2759,975378
"762",6,"rs29001568","A","G",0.4591,960428
"763",6,"rs4410767","C","T",0.4642,973964
"764",6,"rs11757500","G","A",0.04594,970188
"765",6,"rs115070742","C","G",0.0375,972842
"766",6,"rs72845730","A","C",0.2787,972114
"767",6,"Affx-28486470","G","A",0.3428,973080
"768",6,"rs28724008","G","C",0.35,975848
"769",6,"rs35662241","T","C",0.1135,917828
"770",6,"rs9270090","G","T",0.1581,974942
"771",6,"rs35372932","T","C",0.0692,934346
"772",6,"rs9270664","G","A",0.3695,871638
"773",6,"rs146733600","T","C",0.01583,973778
"774",6,"rs615672","C","G",0.3361,975780
"775",6,"rs617058","T","G",0.2379,965044
"776",6,"rs482205","G","T",0.3891,875814
"777",6,"rs116457146","T","C",0.2545,861064
"778",6,"rs77005575","C","T",0.4522,875186
"779",6,"rs5004277","T","C",0.4191,959956
"780",6,"rs3104415","C","A",0.3317,875484
"781",6,"rs3104413","G","C",0.1857,964362
"782",6,"rs9271348","G","A",0.3037,867774
"783",6,"rs28383271","T","C",0.1555,974322
"784",6,"rs9271367","G","A",0.2899,975090
"785",6,"rs9271413","G","A",0.1508,876158
"786",6,"rs9271414","C","T",0.3382,967962
"787",6,"rs34645399","G","A",0.05133,974452
"788",6,"rs9271541","C","A",0.2277,975212
"789",6,"rs17533090","T","G",0.1564,975220
"790",6,"rs9271720","A","G",0.4694,967412
"791",6,"rs116518618","T","C",0.09066,975654
"792",6,"rs9272105","A","G",0.4951,974416
"793",6,"rs35242582","G","A",0.2384,975478
"794",6,"rs148418496","A","C",0.05252,875378
"795",6,"rs9272226","C","T",0.369,974068
"796",6,"rs17211510","A","C",0.2338,975476
"797",6,"rs3104369","T","C",0.2384,874902
"798",6,"rs73405471","T","C",0.09233,956220
"799",6,"rs9272308","C","T",0.2366,966414
"800",6,"rs34250758","A","G",0.1968,967104
"801",6,"rs41269955","A","G",0.1929,832828
"802",6,"Affx-37072023","T","C",0.4164,972396
"803",6,"rs9273088","A","C",0.3953,972056
"804",6,"rs17843619","C","A",0.3954,972170
"805",6,"Affx-28496566","T","C",0.3929,936842
"806",6,"rs6928482","C","T",0.4616,976050
"807",6,"rs9273363","A","C",0.2962,975236
"808",6,"rs9273364","G","T",0.2958,951314
"809",6,"rs9273502","C","A",0.1753,970056
"810",6,"rs9273529","T","C",0.2505,974654
"811",6,"rs28724252","A","G",0.1743,971236
"812",6,"rs36233043","A","G",0.1538,972372
"813",6,"rs9274253","A","G",0.2507,970830
"814",6,"rs28746819","C","T",0.1741,913244
"815",6,"rs35915063","G","A",0.1826,942102
"816",6,"rs3891175","T","C",0.2494,972874
"817",6,"rs9274569","A","C",0.427,964704
"818",6,"rs28746867","G","C",0.1727,961086
"819",6,"rs3134996","A","T",0.3544,971226
"820",6,"rs9275134","G","C",0.2394,970666
"821",6,"rs9275184","C","T",0.1012,961542
"822",6,"rs28747056","G","A",0.2428,974488
"823",6,"rs3129716","C","T",0.1431,976038
"824",6,"rs9275205","C","T",0.2148,875272
"825",6,"rs7774434","C","T",0.3799,975688
"826",6,"rs9275210","T","C",0.4581,874776
"827",6,"rs9469220","A","G",0.4921,975638
"828",6,"rs2856674","G","A",0.1443,972956
"829",6,"rs9275224","G","A",0.4842,970894
"830",6,"rs7745040","C","T",0.3592,975266
"831",6,"rs9275334","C","T",0.1007,948290
"832",6,"rs3135006","T","C",0.2339,975778
"833",6,"rs2858312","C","G",0.3144,963250
"834",6,"rs17427599","T","C",0.2387,970272
"835",6,"rs9275356","G","C",0.1008,975746
"836",6,"rs9275375","A","G",0.2478,974592
"837",6,"rs2647050","C","T",0.3534,974130
"838",6,"rs13192471","C","T",0.1411,975142
"839",6,"rs9275524","T","C",0.4213,974498
"840",6,"rs9275532","G","C",0.1005,972942
"841",6,"rs9275555","T","C",0.2267,975792
"842",6,"rs17427887","T","G",0.02987,975670
"843",6,"rs7765379","G","T",0.1157,975528
"844",6,"rs9275595","C","T",0.2204,975548
"845",6,"rs3104402","T","G",0.076,976040
"846",6,"rs3104404","A","C",0.164,970778
"847",6,"rs3997849","T","C",0.3225,975688
"848",6,"rs9275601","T","C",0.4415,975756
"849",6,"rs9275602","A","C",0.1901,975292
"850",6,"rs3892710","T","C",0.1534,972372
"851",6,"rs6936863","G","C",0.252,974514
"852",6,"rs5024432","T","C",0.1204,974126
"853",6,"rs3916765","A","G",0.1086,974766
"854",6,"rs3129736","C","T",0.2449,975694
"855",6,"rs9276189","A","G",0.1276,976434
"856",6,"rs13199787","T","C",0.3846,975298
"857",6,"rs5018343","A","T",0.2588,975146
"858",6,"rs115018313","C","T",0.02158,975564
"859",6,"rs41288889","C","A",0.05711,974532
"860",6,"rs17500510","A","G",0.09487,975950
"861",6,"rs34988824","G","C",0.18,972896
"862",6,"rs762815","G","C",0.4437,974806
"863",6,"rs35439528","T","C",0.07737,976342
"864",6,"rs1383265","C","T",0.1838,975438
"865",6,"rs1383264","A","T",0.4512,975294
"866",6,"rs2857212","G","A",0.3682,973822
"867",6,"rs9276644","C","T",0.3449,972860
"868",6,"rs2621383","C","A",0.3783,975502
"869",6,"rs9276722","G","A",0.06549,975988
"870",6,"rs7767167","G","A",0.1401,975928
"871",6,"rs9276731","T","G",0.1155,975192
"872",6,"rs4947350","C","T",0.1985,975150
"873",6,"rs11244","A","G",0.2666,975866
"874",6,"rs2856997","A","C",0.3945,975570
"875",6,"rs2071554","T","C",0.04188,965970
"876",6,"rs2071469","T","C",0.3488,975164
"877",6,"rs3763355","C","T",0.06116,976104
"878",6,"rs3763354","G","A",0.2199,975690
"879",6,"rs16870908","A","G",0.05338,973846
"880",6,"rs241455","A","C",0.2501,974868
"881",6,"rs4148876","A","G",0.06817,966768
"882",6,"rs2228396","T","C",0.09821,976000
"883",6,"rs1015166","T","C",0.3291,974688
"884",6,"rs241429","A","G",0.4762,970950
"885",6,"rs3819715","T","G",0.3263,973882
"886",6,"rs241427","A","G",0.3394,976316
"887",6,"rs3819720","A","G",0.3516,975846
"888",6,"rs241425","A","G",0.4283,975274
"889",6,"rs2239701","C","T",0.4511,975478
"890",6,"rs2071465","G","C",0.425,974734
"891",6,"rs9357155","A","G",0.1197,976070
"892",6,"rs2071463","T","C",0.1517,974286
"893",6,"rs4148878","G","T",0.06841,975636
"894",6,"rs3763348","T","C",0.4192,971702
"895",6,"rs17587","A","G",0.276,971000
"896",6,"rs2071477","C","T",0.4119,971566
"897",6,"rs17213861","T","C",0.005692,975300
"898",6,"rs1383266","T","C",0.2374,975172
"899",6,"rs1002985","T","C",0.05024,976220
"900",6,"rs3749981","T","C",0.07747,974952
"901",6,"rs3101942","G","A",0.3978,973870
"902",6,"rs241458","G","C",0.4935,971360
"903",6,"rs194679","T","C",0.0449,974230
"904",6,"rs11756897","G","A",0.2223,966580
"905",6,"rs154978","C","T",0.4808,975284
"906",6,"rs3132131","A","G",0.3308,974258
"907",6,"rs151719","C","T",0.2429,975578
"908",6,"rs2071556","G","T",0.4185,974974
"909",6,"rs3101944","T","C",0.09578,975952
"910",6,"rs2395296","A","G",0.3337,957032
"911",6,"rs1480380","T","C",0.1028,976186
"912",6,"rs620202","T","G",0.2519,975148
"913",6,"rs15912","C","G",0.09488,938596
"914",6,"rs206776","T","C",0.3048,974232
"915",6,"rs188245","G","A",0.4541,975106
"916",6,"rs471279","A","G",0.4433,972268
"917",6,"rs375256","A","G",0.2429,974782
"918",6,"Affx-28510878","A","C",0.4752,974226
"919",6,"rs115469976","C","T",0.02991,973110
"920",6,"rs1431396","T","C",0.3947,969392
"921",6,"rs13205699","A","G",0.07498,975832
"922",6,"rs430620","A","G",0.1991,972848
"923",6,"Affx-28511923","C","T",0.4491,973156
"924",6,"rs1126543","A","G",0.1975,956254
"925",6,"rs2856830","C","T",0.117,975678
"926",6,"rs1126513","T","G",0.2193,975940
"927",6,"rs9501259","A","G",0.1091,975884
"928",6,"rs3128964","G","A",0.3126,974926
"929",6,"rs9277565","T","C",0.2041,975630
"930",6,"rs2281390","T","G",0.1619,976300
"931",6,"rs9348906","G","T",0.02876,975528
"932",6,"rs3129294","C","A",0.3476,974230
"933",6,"rs9277765","A","G",0.1569,971618
"934",6,"rs3116996","A","T",0.1546,975378
"935",6,"rs3130151","C","T",0.4119,965008
"936",6,"rs9277916","G","C",0.3304,972342
"937",6,"rs4713614","C","A",0.4646,974912
"938",6,"rs79131379","A","G",0.0852,952296
"939",6,"rs2254287","G","C",0.4036,974546
"940",6,"rs9277935","T","G",0.2179,973666
"941",6,"rs2854028","T","C",0.2343,974944
"942",6,"rs75891265","T","C",0.1139,968800
"943",6,"rs66944316","T","C",0.06023,970738
"944",6,"rs41267649","T","C",0.02412,973568
"945",6,"rs11751494","G","C",0.02136,973864
"946",6,"rs2270860","T","C",0.3054,975068
"947",6,"rs2023523","G","A",0.4037,973206
"948",6,"rs223295","C","T",0.06363,974220
"949",6,"rs11969073","T","C",0.05154,965698
"950",6,"rs77416316","C","T",0.02986,970814
"951",6,"rs6454802","T","C",0.3832,973744
"952",6,"rs3757247","T","C",0.4709,975786
"953",6,"rs1847472","A","C",0.344,973848
"954",6,"rs72928038","A","G",0.1716,975958
"955",6,"rs654537","G","A",0.3835,963080
"956",6,"rs9482094","A","G",0.3672,972992
"957",6,"rs11754682","C","T",0.4325,973380
"958",6,"rs12203224","T","G",0.3303,972984
"959",6,"rs12524865","A","C",0.2963,972168
"960",6,"rs12190287","G","C",0.3705,973466
"961",6,"rs9484715","T","C",0.4426,973640
"962",6,"rs117984853","T","G",0.08642,975690
"963",6,"rs57139556","G","A",0.07658,975310
"964",6,"rs2282143","T","C",0.0187,976276
"965",6,"rs662138","G","C",0.182,975544
"966",6,"rs3798164","A","G",0.3935,974596
"967",6,"rs16891156","C","A",0.02401,973322
"968",6,"rs4709408","T","C",0.04962,964534
"969",6,"rs10945656","A","G",0.1309,891896
"970",6,"rs2279463","G","A",0.1405,974774
"971",6,"rs624249","A","C",0.3936,973870
"972",6,"rs10080815","G","T",0.01947,975926
"973",6,"rs932925","A","G",0.1506,973842
"974",6,"rs428685","T","C",0.4912,873834
"975",6,"rs3120139","A","G",0.1556,974344
"976",6,"rs372665","G","A",0.3075,962336
"977",6,"rs540713","C","T",0.158,974804
"978",6,"rs555754","A","G",0.4641,967634
"979",6,"rs9457925","A","G",0.01846,975364
"980",6,"rs2292334","A","G",0.3808,972698
"981",6,"rs2048327","C","T",0.3807,974752
"982",6,"rs1810126","T","C",0.3792,970394
"983",6,"rs3127599","T","C",0.3008,973516
"984",6,"rs6919346","T","C",0.1609,975888
"985",6,"rs3798220","C","T",0.0182,975774
"986",6,"rs10455872","G","A",0.07555,975794
"987",6,"rs6935921","C","T",0.3081,971108
"988",6,"rs9457998","G","A",0.1585,972612
"989",6,"rs783147","A","G",0.4386,974056
"990",6,"rs4252117","G","A",0.2818,975534
"991",6,"rs79570361","G","A",0.07789,975186
"992",6,"rs74625856","T","A",0.03257,974194
"993",6,"rs55754459","G","A",0.02787,975692
"994",6,"rs1884480","G","T",0.08746,975248
"995",6,"rs17628203","C","T",0.02991,975984
"996",6,"rs9366076","T","C",0.2182,976158
"997",6,"rs402749","C","T",0.4842,973486
"998",6,"rs9366078","G","A",0.3459,974686
"999",6,"rs162298","A","G",0.2573,946842
"1000",6,"rs1407315","G","A",0.4071,973320
"1001",7,"Affx-80275797","C","CCT",1.567e-05,957548
"1002",7,"rs12154315","T","C",0.262,973992
"1003",7,"rs6947830","G","A",0.4466,974326
"1004",7,"rs57301765","A","G",0.1616,968602
"1005",7,"rs1859163","G","A",0.09229,973476
"1006",7,"rs3735533","T","C",0.07379,975902
"1007",7,"rs17428471","T","G",0.07839,975190
"1008",7,"rs10486567","A","G",0.2394,975546
"1009",7,"rs1635852","C","T",0.4963,975918
"1010",7,"rs1708299","A","G",0.2912,975562
"1011",7,"rs849335","T","C",0.3604,975120
"1012",7,"rs6462793","C","G",0.286,966728
"1013",7,"rs11771382","G","C",0.3482,974322
"1014",7,"rs3807612","G","A",0.2352,974224
"1015",7,"rs1376264","A","G",0.3148,875658
"1016",7,"rs2598104","C","T",0.3555,968184
"1017",7,"rs10951543","T","C",0.162,974656
"1018",7,"rs7778651","A","G",0.03171,974626
"1019",7,"rs2290221","A","G",0.1039,974842
"1020",7,"rs2598084","G","C",0.1784,910900
"1021",7,"rs12674182","A","G",0.4381,955794
"1022",7,"rs2598081","G","C",0.2484,974436
"1023",7,"rs76669175","G","A",0.07168,876042
"1024",7,"rs11761472","A","G",0.2242,975124
"1025",7,"rs1524068","T","C",0.3477,975192
"1026",7,"rs4559153","T","C",0.2702,875810
"1027",7,"rs1525231","C","T",0.2637,964212
"1028",7,"rs6463354","A","G",0.3846,974040
"1029",7,"rs12538362","T","C",0.1944,969358
"1030",7,"rs12538707","C","T",0.1421,973890
"1031",7,"rs3094751","A","G",0.2417,974896
"1032",7,"rs6465657","C","T",0.4825,974886
"1033",7,"rs1541519","T","G",0.3504,970968
"1034",7,"rs10487283","C","T",0.1593,973800
"1035",7,"rs10953383","C","T",0.3435,974230
"1036",7,"rs17398575","A","G",0.2393,975134
"1037",7,"rs2402056","A","C",0.4223,967570
"1038",7,"rs10235210","C","T",0.4263,969884
"1039",7,"rs6976316","G","A",0.4846,973184
"1040",7,"rs11773845","C","A",0.4131,975126
"1041",7,"rs1049337","T","C",0.2909,958888
"1042",7,"rs2109517","G","A",0.343,974174
"1043",7,"rs6466590","G","A",0.1519,975052
"1044",7,"rs12706145","T","C",0.4527,973400
"1045",7,"rs4731702","T","C",0.4845,975086
"1046",7,"rs9641894","G","T",0.4295,972960
"1047",7,"rs11562045","G","C",0.3522,971536
"1048",7,"rs117564322","A","G",0.03069,975960
"1049",8,"rs4474021","T","G",0.317,974988
"1050",8,"rs10103029","G","A",0.1494,975080
"1051",8,"rs15285","T","C",0.2899,974746
"1052",8,"rs10096633","T","C",0.1303,974908
"1053",8,"rs2083637","G","A",0.2632,975588
"1054",8,"rs1512268","T","C",0.4241,975346
"1055",8,"rs1425732","G","A",0.3,971296
"1056",8,"rs10503773","C","T",0.3442,972576
"1057",8,"rs76809594","C","G",0.2528,973180
"1058",8,"rs6557859","G","A",0.3811,974320
"1059",8,"rs4256596","T","C",0.1807,974698
"1060",8,"rs13281291","T","C",0.2934,971844
"1061",8,"rs10103155","C","A",0.4566,935104
"1062",8,"rs10503779","G","A",0.3595,968862
"1063",8,"rs7813489","A","C",0.3276,973278
"1064",8,"rs6991347","C","T",0.4858,974142
"1065",8,"rs17054671","G","T",0.1386,974024
"1066",8,"rs62499124","A","G",0.2927,974768
"1067",8,"rs515071","A","G",0.2375,974630
"1068",8,"rs2162460","C","A",0.2085,960956
"1069",8,"rs2081687","T","C",0.3349,969490
"1070",8,"rs7014382","G","A",0.203,944786
"1071",8,"rs2912522","G","A",0.2597,975382
"1072",8,"rs16935518","A","G",0.1136,974384
"1073",8,"rs629857","A","G",0.4877,960372
"1074",8,"rs655028","T","C",0.2685,974666
"1075",8,"rs78167725","A","C",0.0487,975440
"1076",8,"rs10957467","G","A",0.275,875672
"1077",8,"rs10504439","C","T",0.08179,975134
"1078",8,"rs76968380","A","G",0.05284,971258
"1079",8,"rs56260433","C","T",0.1158,974684
"1080",8,"rs13275219","T","C",0.3519,973596
"1081",8,"rs7818948","A","G",0.1594,975722
"1082",8,"rs11777084","T","C",0.2347,971492
"1083",8,"rs425932","G","A",0.2514,911156
"1084",8,"rs408506","T","G",0.4691,973496
"1085",8,"rs427145","A","G",0.2452,974188
"1086",8,"rs2597658","C","T",0.4238,969002
"1087",8,"rs2121904","A","C",0.3459,961724
"1088",8,"rs16892766","C","A",0.08067,975826
"1089",8,"rs3802177","A","G",0.3039,974390
"1090",8,"rs2279112","A","G",0.2704,965884
"1091",8,"rs10216709","G","A",0.4135,974046
"1092",8,"rs6982502","C","T",0.4733,974212
"1093",8,"rs2954038","C","A",0.2967,974824
"1094",8,"rs7832357","G","A",0.3615,973376
"1095",8,"rs17762878","G","A",0.2925,974484
"1096",8,"rs7843737","A","G",0.3323,968434
"1097",8,"rs1016343","T","C",0.2042,974526
"1098",8,"rs6983561","C","A",0.04518,975882
"1099",8,"rs17464492","G","A",0.2834,971502
"1100",8,"rs6983267","T","G",0.4745,976108
"1101",8,"rs7014346","A","G",0.3719,975554
"1102",8,"Affx-31548681","G","A",0.4989,971328
"1103",8,"rs78559104","C","T",0.04657,974478
"1104",8,"rs4242384","C","A",0.102,976192
"1105",8,"rs12549761","G","C",0.123,974928
"1106",8,"rs180223","T","G",0.4881,975130
"1107",8,"rs2687825","A","G",0.3895,974190
"1108",8,"rs2976387","A","G",0.4166,974334
"1109",9,"rs7020628","G","A",0.2201,974286
"1110",9,"rs62530430","T","C",0.1136,973922
"1111",9,"rs10809657","G","A",0.2623,970992
"1112",9,"rs343476","T","C",0.1809,973578
"1113",9,"rs442246","G","T",0.2982,968746
"1114",9,"rs2381413","G","C",0.421,974038
"1115",9,"rs76962799","A","C",0.03704,975496
"1116",9,"rs2095044","T","C",0.2654,975738
"1117",9,"rs2381416","C","A",0.2694,975254
"1118",9,"rs10975479","G","A",0.1622,976070
"1119",9,"rs146597587","C","G",0.004422,975822
"1120",9,"rs41306063","G","A",0.04524,974834
"1121",9,"rs3731239","G","A",0.3547,974188
"1122",9,"rs3217992","T","C",0.3647,971774
"1123",9,"rs1063192","G","A",0.4273,975326
"1124",9,"rs62556547","C","T",0.1231,974652
"1125",9,"rs564398","C","T",0.4079,973774
"1126",9,"rs2157719","C","T",0.4198,974478
"1127",9,"rs10965219","G","A",0.49,975310
"1128",9,"rs4977756","G","A",0.395,972572
"1129",9,"rs1333040","C","T",0.4121,974826
"1130",9,"rs10757272","T","C",0.4845,973884
"1131",9,"rs10757274","G","A",0.4846,975348
"1132",9,"rs4977574","G","A",0.4831,973974
"1133",9,"rs10757278","G","A",0.4783,974736
"1134",9,"rs1333048","C","A",0.4962,975046
"1135",9,"rs1333049","C","G",0.4783,975418
"1136",9,"rs7020996","T","C",0.1373,975672
"1137",9,"rs10965250","A","G",0.1693,975700
"1138",9,"rs7018475","G","T",0.2592,973842
"1139",9,"rs1536462","C","T",0.4929,972468
"1140",9,"Affx-33719831","T","C",0.1947,863100
"1141",9,"rs2796441","A","G",0.4147,974828
"1142",9,"rs4344139","T","C",0.4119,972362
"1143",9,"rs10821415","A","C",0.4124,967390
"1144",9,"rs1912995","A","G",0.4254,921106
"1145",9,"rs62573974","T","C",0.394,974334
"1146",9,"rs925489","C","T",0.3259,974806
"1147",9,"rs1348386","A","G",0.2587,973764
"1148",9,"rs7866436","G","A",0.3626,943540
"1149",9,"rs6586","T","C",0.4018,975466
"1150",9,"rs58340169","A","G",0.2539,974302
"1151",9,"rs505922","C","T",0.3212,974918
"1152",9,"rs507666","A","G",0.1807,974076
"1153",9,"rs3025343","A","G",0.1096,975196
"1154",10,"rs706778","T","C",0.4082,975108
"1155",10,"rs7090530","C","A",0.3973,974956
"1156",10,"rs11594656","A","T",0.2393,876282
"1157",10,"rs11598494","C","T",0.3421,974942
"1158",10,"rs35062044","G","T",0.3251,874514
"1159",10,"rs391063","T","C",0.43,973298
"1160",10,"rs290902","C","T",0.2052,974366
"1161",10,"rs76407406","G","A",0.1142,974332
"1162",10,"rs1967818","C","T",0.3892,973906
"1163",10,"rs75861713","A","C",0.03012,974906
"1164",10,"rs827620","T","A",0.4925,971520
"1165",10,"rs12356492","C","T",0.06045,968636
"1166",10,"rs12413578","T","C",0.1028,971174
"1167",10,"rs1444782","A","G",0.4178,973384
"1168",10,"rs2589559","C","T",0.1925,941528
"1169",10,"rs1623646","C","T",0.2763,973656
"1170",10,"rs11256061","G","A",0.07397,973112
"1171",10,"rs1149915","T","C",0.1685,972230
"1172",10,"rs17406680","C","G",0.05013,974288
"1173",10,"rs78306420","A","G",0.05439,974942
"1174",10,"rs7896600","C","G",0.24,974358
"1175",10,"rs6482423","C","T",0.3314,973588
"1176",10,"rs12258967","G","C",0.296,973946
"1177",10,"rs117576451","G","A",0.04929,975142
"1178",10,"rs4437938","G","A",0.2353,974440
"1179",10,"rs118081660","C","G",0.03085,954294
"1180",10,"rs2243897","G","A",0.2633,975564
"1181",10,"rs2987834","A","G",0.4922,971402
"1182",10,"rs10508700","C","T",0.4877,973950
"1183",10,"rs1414052","C","T",0.481,971718
"1184",10,"rs10828833","G","A",0.4431,975180
"1185",10,"rs1704223","T","C",0.1038,975316
"1186",10,"rs970548","C","A",0.2446,975664
"1187",10,"rs17854567","G","T",0.1322,975334
"1188",10,"rs10993994","T","C",0.4015,974078
"1189",10,"rs4590817","C","G",0.1678,973284
"1190",10,"rs1992625","T","C",0.2055,974758
"1191",10,"rs1530440","T","C",0.1835,975332
"1192",10,"rs11593907","C","T",0.2079,973494
"1193",10,"rs7100297","T","C",0.4086,972492
"1194",10,"rs1935","G","C",0.4704,974572
"1195",10,"rs10509186","T","C",0.4702,875538
"1196",10,"rs10740134","C","T",0.4773,973622
"1197",10,"rs7075302","A","G",0.4638,958046
"1198",10,"rs12571751","G","A",0.4598,972944
"1199",10,"rs703965","T","C",0.4489,975120
"1200",10,"rs78060082","T","C",0.01682,975148
"1201",10,"rs7923837","A","G",0.3794,974334
"1202",10,"rs2497306","C","A",0.4807,974276
"1203",10,"rs76598725","C","T",0.06107,971208
"1204",10,"rs2488071","A","G",0.4728,971824
"1205",10,"rs11190140","T","C",0.4818,975030
"1206",10,"rs11190141","T","C",0.3725,973806
"1207",10,"Affx-2374111","C","T",0.1278,972210
"1208",10,"rs17115100","T","G",0.08832,975140
"1209",10,"rs732998","C","T",0.08034,973762
"1210",10,"rs6584555","C","T",0.1644,974822
"1211",10,"rs55706621","T","C",0.3952,972860
"1212",10,"rs1018014","G","A",0.2309,966468
"1213",10,"rs12772784","T","C",0.1361,974378
"1214",10,"rs879544","C","T",0.2374,974420
"1215",10,"rs11592832","T","C",0.1094,975084
"1216",10,"rs2236280","G","T",0.1781,973460
"1217",10,"rs7092718","C","T",0.2452,969424
"1218",10,"rs35478175","C","A",0.04967,975002
"1219",10,"rs1570220","G","A",0.3668,973934
"1220",10,"rs10786772","A","G",0.3593,974464
"1221",10,"rs35623220","T","C",0.1021,970538
"1222",10,"rs10786775","G","C",0.09859,975830
"1223",10,"rs4387287","A","C",0.1685,971322
"1224",10,"rs7917983","C","T",0.4775,974368
"1225",10,"rs11196175","C","T",0.2743,975212
"1226",10,"rs7081062","G","A",0.3722,974280
"1227",10,"rs11196181","A","G",0.05899,974750
"1228",10,"rs75933965","A","G",0.06773,973018
"1229",10,"rs116859590","T","C",0.02567,975698
"1230",10,"rs7903146","T","C",0.2888,960370
"1231",10,"rs10787472","C","A",0.4699,973594
"1232",10,"rs116369954","C","T",0.0297,973764
"1233",10,"rs77795162","T","C",0.02087,976146
"1234",10,"rs61872787","G","A",0.02244,972450
"1235",10,"rs12245680","C","T",0.1042,975562
"1236",10,"rs4918788","A","G",0.4664,970970
"1237",10,"rs141266925","C","T",0.002997,976070
"1238",10,"rs2782981","T","C",0.2827,975350
"1239",10,"rs1439466","A","G",0.3443,973012
"1240",10,"rs72631105","A","G",0.1863,971778
"1241",10,"rs10788149","G","A",0.3223,974828
"1242",10,"rs7076500","A","G",0.369,971790
"1243",10,"rs10788160","A","G",0.2449,973800
"1244",10,"Affx-2643209","A","G",0.129,973116
"1245",10,"rs4751844","T","G",0.2276,954536
"1246",10,"rs3750817","T","C",0.3954,975130
"1247",10,"rs2981575","G","A",0.4011,975540
"1248",10,"rs73356565","T","C",0.09054,975078
"1249",11,"rs10794299","G","T",0.3244,972710
"1250",11,"rs907611","A","G",0.3072,972758
"1251",11,"rs2137320","A","G",0.3858,974518
"1252",11,"rs4980389","A","G",0.3778,975078
"1253",11,"rs3817197","A","G",0.4559,968006
"1254",11,"rs7483477","G","T",0.2406,973490
"1255",11,"rs909116","C","T",0.4661,974008
"1256",11,"rs3842752","A","G",0.2199,975678
"1257",11,"rs6357","T","C",0.3145,973166
"1258",11,"rs7121039","C","G",0.1914,974076
"1259",11,"rs231362","A","G",0.4613,974300
"1260",11,"rs2237895","C","A",0.4093,973406
"1261",11,"rs2237897","T","C",0.03991,941364
"1262",11,"rs11040831","A","G",0.1757,875946
"1263",11,"rs10832355","A","G",0.2684,972738
"1264",11,"rs10741693","A","G",0.2058,973270
"1265",11,"Affx-4636924","T","C",0.3521,972360
"1266",11,"rs10741807","T","C",0.2332,974940
"1267",11,"rs925946","T","G",0.3114,974084
"1268",11,"rs17309930","A","C",0.1996,974082
"1269",11,"rs74331022","T","C",0.1486,971946
"1270",11,"rs11031767","G","T",0.2958,974812
"1271",11,"rs5030166","T","G",0.2249,973724
"1272",11,"rs3858455","C","T",0.4235,974250
"1273",11,"rs7129461","T","C",0.4894,973536
"1274",11,"rs11031942","C","T",0.2589,965354
"1275",11,"rs10501320","C","G",0.2546,975054
"1276",11,"rs2293579","A","G",0.3862,975444
"1277",11,"rs1535","G","A",0.3399,973866
"1278",11,"rs174583","T","C",0.3494,972648
"1279",11,"rs174591","A","T",0.2674,975280
"1280",11,"rs12801636","A","G",0.2271,975612
"1281",11,"rs11228530","C","A",0.06179,972828
"1282",11,"rs74342245","A","G",0.09703,974938
"1283",11,"rs10896449","A","G",0.4876,959162
"1284",11,"rs75296154","T","C",0.03855,976060
"1285",11,"rs74333814","T","C",0.151,974758
"1286",11,"rs35283305","G","A",0.08854,975240
"1287",11,"rs3902018","T","C",0.1192,974344
"1288",11,"rs6592645","A","G",0.3544,974262
"1289",11,"rs2155219","G","T",0.4934,973780
"1290",11,"rs1391880","G","A",0.3106,971602
"1291",11,"rs1393350","A","G",0.2774,975234
"1292",11,"rs10830963","G","C",0.274,974990
"1293",11,"rs4409785","C","T",0.1708,974906
"1294",11,"rs10895001","A","G",0.2782,975100
"1295",11,"rs35473622","G","A",0.2511,970872
"1296",11,"rs7926602","G","A",0.4831,974478
"1297",11,"rs10789588","G","A",0.43,865260
"1298",11,"rs3802842","C","A",0.301,975882
"1299",11,"rs4938303","C","T",0.28,975320
"1300",11,"rs964184","G","C",0.1373,974694
"1301",11,"rs3135506","C","G",0.0618,974220
"1302",11,"rs662799","G","A",0.06526,975938
"1303",11,"rs5128","G","C",0.093,976006
"1304",11,"rs76403033","A","C",0.08727,974338
"1305",12,"rs3764023","C","T",0.2969,974932
"1306",12,"rs3764022","G","C",0.3249,975166
"1307",12,"rs10466829","G","A",0.4989,975286
"1308",12,"rs4763879","A","G",0.3554,974612
"1309",12,"rs7309767","T","G",0.4204,974456
"1310",12,"rs7488011","T","C",0.2687,975134
"1311",12,"rs11047543","A","G",0.1499,971976
"1312",12,"rs35292063","T","C",0.135,948990
"1313",12,"rs450750","T","C",0.3469,974006
"1314",12,"rs373374","A","G",0.4133,934536
"1315",12,"Affx-35293052","C","T",0.3579,974874
"1316",12,"rs650694","A","G",0.4083,970298
"1317",12,"rs11170164","T","C",0.07488,974150
"1318",12,"rs7297416","C","A",0.3012,941164
"1319",12,"rs2069408","G","A",0.3271,973660
"1320",12,"rs10876864","G","A",0.4285,973754
"1321",12,"rs2456973","C","A",0.3336,975132
"1322",12,"rs1059513","C","T",0.1041,974606
"1323",12,"rs167769","T","C",0.3904,975152
"1324",12,"rs343092","T","G",0.1636,974814
"1325",12,"rs1042725","T","C",0.497,974858
"1326",12,"rs11175997","G","A",0.13,975786
"1327",12,"rs5019250","T","C",0.4658,972882
"1328",12,"rs17356907","G","A",0.2997,975236
"1329",12,"rs7305590","C","T",0.2556,967822
"1330",12,"rs7961663","G","A",0.4433,973464
"1331",12,"rs4378452","C","T",0.3374,975484
"1332",12,"rs1265565","T","C",0.3607,973370
"1333",12,"rs10849931","C","T",0.2362,934652
"1334",12,"rs7970490","G","A",0.3101,973778
"1335",12,"rs10849937","G","A",0.2126,974528
"1336",12,"rs3809272","A","G",0.3002,970042
"1337",12,"rs10774622","T","C",0.2272,974684
"1338",12,"rs3184504","T","C",0.4636,975080
"1339",12,"rs10774625","A","G",0.476,974706
"1340",12,"rs1029388","C","T",0.2284,973678
"1341",12,"rs657197","A","C",0.2238,973840
"1342",12,"rs4766897","T","C",0.3231,968786
"1343",12,"rs2238151","C","T",0.3478,974762
"1344",12,"rs4767364","A","G",0.3034,975858
"1345",12,"rs17630235","A","G",0.3922,974840
"1346",12,"rs11066301","G","A",0.4093,974082
"1347",12,"rs12580178","G","A",0.3404,975504
"1348",12,"rs10744782","A","G",0.2921,969718
"1349",12,"rs2555009","A","G",0.4569,974866
"1350",12,"rs1895596","A","G",0.1564,974880
"1351",12,"rs883079","C","T",0.2745,974536
"1352",12,"rs35444","G","A",0.3834,975478
"1353",12,"rs7953249","G","A",0.4136,974768
"1354",12,"rs2244608","G","A",0.3178,975458
"1355",12,"rs2393791","C","T",0.381,974230
"1356",13,"rs7323885","G","A",0.3404,972302
"1357",13,"rs17364832","G","T",0.2739,973728
"1358",13,"rs117659936","T","G",0.01482,974722
"1359",13,"rs9594759","C","T",0.4554,975294
"1360",13,"rs3118914","T","G",0.2066,972476
"1361",13,"rs1359790","A","G",0.2809,975616
"1362",13,"rs7339230","G","A",0.2996,973916
"1363",13,"rs4772697","G","A",0.3606,972784
"1364",13,"rs11616947","A","G",0.2357,961450
"1365",13,"rs11843418","G","A",0.2009,974910
"1366",14,"rs1042704","A","G",0.2088,974362
"1367",14,"rs365990","G","A",0.373,974710
"1368",14,"Affx-89013781","A","AT",1.229e-05,976494
"1369",14,"rs1152591","A","G",0.4843,974822
"1370",14,"rs1152590","T","C",0.3811,973770
"1371",14,"rs121908866","A","G",0.0004065,976526
"1372",14,"rs28929474","T","C",0.01881,975876
"1373",15,"rs28399071","A","G",0.1019,974760
"1374",15,"rs4779584","T","C",0.2043,975850
"1375",15,"rs1534594","T","C",0.487,974322
"1376",15,"rs35330276","A","G",0.1871,975296
"1377",15,"rs1258757","T","C",0.3316,975494
"1378",15,"rs75798403","A","C",0.1319,965612
"1379",15,"rs72717656","G","C",0.1391,974272
"1380",15,"rs11073333","G","A",0.2205,974280
"1381",15,"rs28438860","C","T",0.2046,975740
"1382",15,"rs16970633","T","G",0.1654,975972
"1383",15,"rs17238859","C","T",0.02517,975704
"1384",15,"rs17293632","T","C",0.2293,975816
"1385",15,"rs744910","G","A",0.4889,975494
"1386",15,"rs7173826","G","T",0.3262,973886
"1387",15,"rs11630367","G","A",0.1591,973954
"1388",15,"rs11858836","A","G",0.311,972480
"1389",15,"rs13180","C","T",0.3952,975048
"1390",15,"rs16969968","A","G",0.3213,975636
"1391",15,"rs12914385","T","C",0.3743,975378
"1392",15,"rs4243084","C","G",0.3311,974860
"1393",15,"rs8023822","C","G",0.2223,973386
"1394",15,"rs11072783","G","A",0.1728,975628
"1395",15,"rs8024939","T","C",0.2141,975018
"1396",15,"rs2929155","C","T",0.2429,962872
"1397",15,"rs8043119","A","G",0.4089,955046
"1398",15,"rs4380028","T","C",0.398,961622
"1399",15,"rs8035039","A","G",0.4861,972686
"1400",15,"rs7174727","G","A",0.1552,974986
"1401",15,"rs2627323","T","C",0.4501,974446
"1402",15,"rs34287296","A","G",0.02818,975178
"1403",15,"rs79246325","G","A",0.01856,974822
"1404",15,"rs72758345","C","T",0.08759,957482
"1405",15,"rs72761818","A","G",0.126,974528
"1406",15,"rs4293349","C","T",0.1914,973688
"1407",15,"rs3759831","C","G",0.2692,975474
"1408",15,"rs7167085","G","A",0.4015,974640
"1409",15,"rs4702","G","A",0.4381,975258
"1410",15,"rs11330240","C","CT",0.3244,974296
"1411",15,"rs7497304","T","G",0.3208,975018
"1412",15,"rs2677738","A","G",0.3629,971898
"1413",16,"rs140185678","A","G",0.03364,974940
"1414",16,"rs9923856","C","T",0.3155,975262
"1415",16,"rs36045143","G","A",0.2429,974882
"1416",16,"rs2903692","A","G",0.3429,975816
"1417",16,"rs111285796","TTCTGCCAGA","T",0.1798,974998
"1418",16,"rs4293393","G","A",0.185,975166
"1419",16,"rs11864909","T","C",0.2816,971948
"1420",16,"rs180743","G","C",0.4036,966916
"1421",16,"rs5743292","A","T",0.0342,975142
"1422",16,"rs12325192","T","C",0.1936,974056
"1423",16,"rs4784220","C","T",0.3561,974350
"1424",16,"rs9931232","A","G",0.4697,974582
"1425",16,"rs4784227","T","C",0.236,975532
"1426",16,"rs3112606","C","T",0.4449,975622
"1427",16,"rs10521303","T","G",0.4933,970878
"1428",16,"rs16953806","A","G",0.1727,972044
"1429",16,"rs117019691","G","C",0.02343,974762
"1430",16,"rs6499270","C","T",0.4158,974402
"1431",16,"rs77870048","T","C",0.05016,976060
"1432",16,"rs2000999","A","G",0.1916,974844
"1433",16,"rs217181","T","C",0.1916,975782
"1434",16,"rs62053234","T","G",0.2022,974556
"1435",16,"rs2106261","T","C",0.1715,975458
"1436",16,"rs9940321","A","G",0.3551,974380
"1437",16,"rs61164185","A","G",0.2104,973484
"1438",16,"rs9930504","T","C",0.2728,972200
"1439",16,"rs1183967","T","C",0.1754,966950
"1440",16,"rs1549306","T","C",0.4095,974530
"1441",16,"rs17111","G","A",0.4108,974366
"1442",16,"rs16974904","G","C",0.2939,974578
"1443",16,"rs8048897","T","G",0.08729,975324
"1444",16,"rs4390574","T","C",0.1101,976098
"1445",16,"rs8057031","C","G",0.4385,975034
"1446",16,"rs11643304","C","A",0.1468,971798
"1447",16,"Affx-13429237","A","G",0.1271,972230
"1448",16,"rs78579285","T","C",0.174,974442
"1449",16,"rs62048221","T","C",0.2291,974318
"1450",16,"Affx-13430005","C","T",0.4431,975036
"1451",16,"rs3114908","T","C",0.3607,974168
"1452",16,"rs111460975","G","A",0.1424,975534
"1453",16,"rs74836424","T","C",0.0785,975014
"1454",16,"rs3803680","A","G",0.4211,974942
"1455",16,"rs11642231","A","G",0.378,975354
"1456",16,"rs464274","A","G",0.4556,975388
"1457",16,"rs154659","C","T",0.2768,975936
"1458",16,"rs376402","G","T",0.3815,958422
"1459",16,"rs1968499","G","A",0.1283,966020
"1460",16,"rs12931267","G","C",0.09646,975294
"1461",16,"rs12924101","C","A",0.181,941406
"1462",16,"rs8049897","A","G",0.1696,974966
"1463",16,"rs8063761","T","A",0.3438,974564
"1464",16,"rs4785759","A","C",0.4702,973684
"1465",16,"rs11648785","T","C",0.2947,965306
"1466",16,"rs77270200","A","G",0.09908,973932
"1467",16,"rs7498985","A","G",0.4779,973672
"1468",16,"rs7498369","G","A",0.358,898118
"1469",17,"rs11078856","A","G",0.3188,973786
"1470",17,"rs34210653","A","G",0.02016,974690
"1471",17,"rs222836","G","A",0.486,974982
"1472",17,"rs8081264","C","G",0.2473,975066
"1473",17,"rs55749333","C","T",0.367,875792
"1474",17,"rs11552708","A","G",0.1233,960796
"1475",17,"rs3744763","G","A",0.403,973822
"1476",17,"rs7405776","A","G",0.3741,974740
"1477",17,"rs757210","T","C",0.3702,874396
"1478",17,"rs4430796","G","A",0.4876,957954
"1479",17,"rs7501939","T","C",0.398,975436
"1480",17,"rs12601991","T","G",0.3979,974112
"1481",17,"rs9635726","T","C",0.1998,974108
"1482",17,"rs2305479","T","C",0.4961,974216
"1483",17,"rs870829","A","C",0.3951,974880
"1484",17,"rs3894194","A","G",0.4478,974396
"1485",17,"rs3859191","A","G",0.4644,975290
"1486",17,"Affx-13924674","A","G",0.2129,970612
"1487",17,"Affx-13929237","G","A",0.2121,973188
"1488",17,"rs2696671","G","A",0.2155,973052
"1489",17,"rs145809511","A","G",0.2142,964054
"1490",17,"rs17608766","C","T",0.1393,975632
"1491",17,"rs138213197","T","C",0.001596,976426
"1492",17,"rs663576","C","T",0.4512,973734
"1493",17,"rs16948048","G","A",0.362,975248
"1494",17,"rs7209400","C","T",0.4643,874524
"1495",17,"rs17711010","A","C",0.1061,960710
"1496",17,"rs7222591","T","G",0.4159,974510
"1497",17,"rs4277405","C","T",0.3739,974200
"1498",17,"rs77542162","G","A",0.02107,973412
"1499",17,"rs1859962","G","T",0.4655,974804
"1500",17,"rs9909232","A","C",0.1742,974594
"1501",17,"rs67050149","A","C",0.3482,973110
"1502",18,"rs11665156","T","C",0.08003,973820
"1503",18,"rs2847297","G","A",0.3474,975456
"1504",18,"rs1893217","G","A",0.1665,975210
"1505",18,"rs7228667","T","C",0.2417,974812
"1506",18,"rs4939827","C","T",0.4898,972346
"1507",18,"rs35352860","T","C",0.2624,973360
"1508",18,"rs4464148","C","T",0.2932,974218
"1509",18,"rs2878901","G","A",0.4377,973254
"1510",18,"rs13381156","T","C",0.1745,973682
"1511",19,"rs34328549","A","G",0.1174,975114
"1512",19,"rs4804833","A","G",0.3897,971012
"1513",19,"rs10948","G","T",0.3321,966992
"1514",19,"rs12983316","G","A",0.1552,973950
"1515",19,"rs12232780","A","G",0.3097,973592
"1516",19,"rs3786721","T","C",0.4376,975408
"1517",19,"rs1529729","C","T",0.4564,975228
"1518",19,"rs1122608","T","G",0.2489,975490
"1519",19,"rs55791371","C","A",0.1163,975284
"1520",19,"rs11668477","G","A",0.2172,973778
"1521",19,"rs6511721","G","A",0.4712,973044
"1522",19,"rs73015030","A","G",0.03522,974596
"1523",19,"rs2738446","G","C",0.4429,961908
"1524",19,"rs72658867","A","G",0.01193,976322
"1525",19,"rs7188","C","A",0.3242,975470
"1526",19,"rs167479","T","G",0.4717,974996
"1527",19,"rs73015720","A","G",0.1844,971304
"1528",19,"rs58542926","T","C",0.07436,974218
"1529",19,"rs16996148","T","G",0.08376,974656
"1530",19,"rs7250689","T","C",0.4844,973628
"1531",19,"rs62117160","A","G",0.04341,975022
"1532",19,"rs1531517","A","G",0.07806,976140
"1533",19,"rs2965169","C","A",0.3976,968894
"1534",19,"Affx-16018598","T","C",0.03447,975728
"1535",19,"rs28399637","A","G",0.3068,975178
"1536",19,"rs10405693","T","C",0.3172,973602
"1537",19,"rs41289512","G","C",0.04052,976276
"1538",19,"rs365653","G","A",0.1191,875038
"1539",19,"rs387976","C","A",0.3597,875462
"1540",19,"rs6859","A","G",0.4192,975392
"1541",19,"rs7254892","A","G",0.03425,975996
"1542",19,"rs6857","T","C",0.167,874452
"1543",19,"rs117310449","T","C",0.0114,876630
"1544",19,"rs157580","G","A",0.3918,975626
"1545",19,"rs2075650","G","A",0.144,975112
"1546",19,"rs157581","C","T",0.2209,975868
"1547",19,"rs34404554","G","C",0.1434,876550
"1548",19,"rs77301115","A","G",0.02565,865050
"1549",19,"rs11668327","C","G",0.1724,875222
"1550",19,"rs10119","A","G",0.293,755096
"1551",19,"rs769449","A","G",0.1212,973342
"1552",19,"rs429358","C","T",0.1546,828936
"1553",19,"rs7412","T","C",0.07928,873770
"1554",19,"rs439401","T","C",0.3637,975744
"1555",19,"rs12721046","A","G",0.1511,709996
"1556",19,"rs4420638","G","A",0.1873,974662
"1557",19,"rs141622900","A","G",0.05311,876688
"1558",19,"rs60049679","C","G",0.08115,876322
"1559",19,"rs12721109","A","G",0.02444,975606
"1560",19,"rs10426201","G","A",0.163,973818
"1561",19,"rs681343","C","T",0.499,974494
"1562",19,"rs2287921","T","C",0.4793,975340
"1563",19,"rs17632542","C","T",0.0708,975768
"1564",19,"rs2735839","A","G",0.1543,974570
"1565",19,"rs11672516","A","G",0.4644,973226
"1566",19,"rs34945782","T","C",0.2382,975210
"1567",19,"rs73632750","C","T",0.1025,962556
"1568",20,"rs6082442","T","C",0.3356,974472
"1569",20,"rs874499","C","T",0.2565,975420
"1570",20,"rs4815070","G","T",0.3594,975284
"1571",20,"rs6047800","C","T",0.1786,974276
"1572",20,"rs6047867","A","G",0.2745,972948
"1573",20,"rs214803","C","A",0.1868,974428
"1574",20,"rs84824","G","A",0.2135,965960
"1575",20,"rs1853092","G","A",0.3097,971006
"1576",20,"rs6076954","G","A",0.2779,974766
"1577",20,"rs432266","T","C",0.3202,973634
"1578",20,"rs6085661","T","C",0.3771,973100
"1579",20,"rs6055971","T","C",0.2297,973230
"1580",20,"rs2423530","G","A",0.3096,974274
"1581",20,"rs1327235","G","A",0.4771,974794
"1582",20,"rs6078000","G","A",0.2797,974090
"1583",20,"rs6075524","A","G",0.1156,975250
"1584",20,"rs78143514","T","C",0.07739,975920
"1585",20,"rs291671","G","A",0.108,974692
"1586",20,"rs6088316","G","A",0.1845,974168
"1587",20,"rs2284378","T","C",0.3379,974146
"1588",20,"rs61341205","G","A",0.204,970008
"1589",20,"rs910873","A","G",0.09915,976390
"1590",20,"rs2425003","A","C",0.1845,974480
"1591",20,"rs62213709","T","C",0.05023,973330
"1592",20,"rs666006","C","T",0.08894,975752
"1593",20,"rs6060369","C","T",0.3812,975828
"1594",20,"rs143384","G","A",0.4174,974848
"1595",20,"rs78110303","G","A",0.3764,973856
"1596",20,"rs75653149","A","C",0.08374,974488
"1597",20,"rs2425224","A","G",0.07549,974304
"1598",20,"rs6016357","T","G",0.1002,967434
"1599",20,"rs6102001","T","C",0.03248,974642
"1600",20,"rs2207132","A","G",0.032,975676
"1601",20,"rs78162378","T","C",0.1329,974628
"1602",20,"rs2017246","A","G",0.3989,971052
"1603",20,"rs137853336","T","C",0.0001476,975918
"1604",20,"rs1800961","T","C",0.03023,975950
"1605",20,"rs6017342","A","C",0.4724,975486
"1606",20,"rs6021275","G","A",0.4579,974412
"1607",20,"rs1465537","T","C",0.1255,974150
"1608",20,"rs16982520","G","A",0.1198,975394
"1609",20,"rs117640964","T","C",0.06344,974902
"1610",20,"rs2297588","T","C",0.3134,972952
"1611",20,"rs2427283","C","T",0.315,971012
"1612",20,"rs6143035","C","T",0.2467,974548
"1613",20,"rs11699160","C","T",0.3706,970790
"1614",20,"rs1570027","G","A",0.2262,973530
"1615",20,"rs2427323","G","A",0.4909,975242
"1616",20,"rs2236200","C","A",0.2526,975544
"1617",20,"rs6062543","C","T",0.233,974270
"1618",20,"rs2275294","A","G",0.2506,874984
"1619",21,"rs9982601","T","C",0.1301,975688
"1620",21,"rs35640344","T","G",0.4426,971264
"1621",21,"rs8129061","C","T",0.4782,967052
"1622",21,"rs219776","C","T",0.2627,973884
"1623",21,"rs117870289","T","C",0.01417,974302
"1624",21,"rs2836878","A","G",0.2624,972762
"1625",21,"rs28478132","A","G",0.1617,972108
"1626",21,"rs7281388","A","C",0.1431,962854
"1627",22,"rs2412971","A","G",0.454,974952
"1628",22,"rs229526","C","G",0.2314,975550
"1629",22,"rs229541","A","G",0.4322,975452
"1630",22,"rs5995843","G","A",0.3451,972074
"1631",22,"rs17002030","C","T",0.09757,975104
"1632",22,"rs73171018","A","C",0.03857,975444
"1633",22,"rs5759167","T","G",0.489,971918
"1634",22,"rs9330802","A","G",0.4021,971914
"1635",22,"rs9330811","A","G",0.429,972694
"1636",22,"rs115678963","A","G",0.00633,976504
"1637",22,"rs116000286","T","C",0.06105,955384
"1638",22,"rs62228062","G","A",0.2606,973916
"1639",22,"rs62228064","A","G",0.1424,975558
"1640",22,"rs112022355","C","T",0.01792,975492
"1641",22,"rs4077498","C","T",0.3892,974304
"1642",22,"rs28628653","G","A",0.2434,975680
"1643",22,"rs28685663","C","T",0.488,974592
"1644",22,"rs28698504","A","G",0.2762,974438
"1645",22,"rs12170295","C","T",0.3858,975374
"1646",22,"rs9627368","G","C",0.3045,973662
"1647",22,"rs9627403","G","A",0.4445,970530
"1648",22,"rs7291412","T","G",0.3484,974242
"1649",22,"rs28681372","G","A",0.398,971176
"1650",22,"rs4077129","T","C",0.2564,975668
"1651",23,"rs2302750","C","T",0.4062,751041
"1652",23,"rs3747333","A","G",0.1183,751806
"1653",23,"rs147139768","T","C",0.03746,749982
"1654",23,"rs199851","T","C",0.4944,750444
"1655",23,"rs996126","T","G",0.4579,750915
"1656",23,"rs144998798","T","G",0.08669,740185
